-- phpMyAdmin SQL Dump
-- version 4.6.4
-- https://www.phpmyadmin.net/
--
-- Host: 127.0.0.1
-- Generation Time: 2017-06-22 13:14:28
-- 服务器版本： 5.7.14
-- PHP Version: 5.6.25

SET SQL_MODE = "NO_AUTO_VALUE_ON_ZERO";
SET time_zone = "+00:00";


/*!40101 SET @OLD_CHARACTER_SET_CLIENT=@@CHARACTER_SET_CLIENT */;
/*!40101 SET @OLD_CHARACTER_SET_RESULTS=@@CHARACTER_SET_RESULTS */;
/*!40101 SET @OLD_COLLATION_CONNECTION=@@COLLATION_CONNECTION */;
/*!40101 SET NAMES utf8mb4 */;

--
-- Database: `zmh`
--

-- --------------------------------------------------------

--
-- 表的结构 `admin`
--

CREATE TABLE `admin` (
  `Aid` int(10) UNSIGNED NOT NULL,
  `Aname` varchar(20) COLLATE utf8mb4_unicode_ci NOT NULL,
  `Apassword` varchar(255) COLLATE utf8mb4_unicode_ci NOT NULL,
  `Asex` varchar(5) COLLATE utf8mb4_unicode_ci NOT NULL,
  `Aphone` varchar(15) COLLATE utf8mb4_unicode_ci DEFAULT NULL,
  `Aphoto` varchar(255) COLLATE utf8mb4_unicode_ci DEFAULT NULL
) ENGINE=InnoDB DEFAULT CHARSET=utf8mb4 COLLATE=utf8mb4_unicode_ci;

--
-- 转存表中的数据 `admin`
--

INSERT INTO `admin` (`Aid`, `Aname`, `Apassword`, `Asex`, `Aphone`, `Aphoto`) VALUES
(100001, 'mohole', 'e10adc3949ba59abbe56e057f20f883e\n', '男', NULL, 'imags/admin/100001.png'),
(123456, 'zhang', 'e10adc3949ba59abbe56e057f20f883e', '男', '110', 'imags/admin/123456.png');

-- --------------------------------------------------------

--
-- 表的结构 `broadcasts`
--

CREATE TABLE `broadcasts` (
  `Bid` int(10) UNSIGNED NOT NULL,
  `Btime` varchar(255) COLLATE utf8mb4_unicode_ci NOT NULL,
  `Btitle` varchar(50) COLLATE utf8mb4_unicode_ci NOT NULL,
  `Bphoto` varchar(255) COLLATE utf8mb4_unicode_ci DEFAULT NULL,
  `Blink` varchar(255) COLLATE utf8mb4_unicode_ci NOT NULL,
  `Btype` tinyint(4) NOT NULL
) ENGINE=InnoDB DEFAULT CHARSET=utf8mb4 COLLATE=utf8mb4_unicode_ci;

--
-- 转存表中的数据 `broadcasts`
--

INSERT INTO `broadcasts` (`Bid`, `Btime`, `Btitle`, `Bphoto`, `Blink`, `Btype`) VALUES
(1, '2017-05-24 01:09:09', '12', '', '12', 2),
(2, '2017-05-24 01:10:42', '1212', 'imags/3.jpg', '1212', 3),
(3, '2017-05-25 00:16:03', '我是公告', 'imags/3.jpg', 'http://baidu.com', 1),
(4, '2017-05-25 00:16:56', '公告二', 'imags/3.jpg', 'http://bjfu.edu.cn', 1),
(5, '2017-05-25 00:17:09', '公告三', 'imags/3.jpg', 'http://it.bjfu.edu.cn', 1),
(6, '2017-05-25 00:17:43', '我是bjfu', 'imags/3.jpg', 'http://www.bjfu.edu.cn', 1),
(7, '2017-05-25 00:22:43', 'ahah', 'uploads/broadcast/bgimage17052404.jpg', 'http://baidu.com', 1),
(8, '2017-05-25 00:23:04', '我为', 'imags/3.jpg', 'http://baidu.com', 1),
(9, '2017-06-12 12:02:38', '2017年9月份第49次全国计算机等级考试报名通知', 'imags/3.jpg', 'http://www.bjfu.edu.cn/zxtz/249908.htm', 1),
(10, '2017-06-12 12:03:10', '北京林业大学新建学生公寓及配套用房开水器采购招标评审结果公示', 'imags/3.jpg', 'http://www.bjfu.edu.cn/zxtz/249548.htm', 1),
(11, '2017-06-12 12:03:40', '北京林业大学专利电子申请端口管理委托服务邀请招标公告', 'imags/3.jpg', 'http://www.bjfu.edu.cn/zxtz/249551.htm', 1),
(12, '2017-06-12 12:09:02', '北京林业大学学12#楼修缮工程邀请招标公告', 'uploads/broadcast/bgimage17061204.jpg', 'http://www.bjfu.edu.cn/zxtz/249116.htm', 1),
(13, '2017-06-12 12:09:35', '北京林业大学65周年校庆公告', 'uploads/broadcast/bgimage17061204.jpg', 'http://www.bjfu.edu.cn/zxtz/249025.htm', 1),
(14, '2017-06-12 12:09:54', '北京林业大学65周年校庆公告', 'uploads/broadcast/bgimage17061204.jpg', 'http://www.bjfu.edu.cn/zxtz/249025.htm', 1),
(15, '2017-06-12 12:10:51', '北京林业大学2017-2019年度会计事务所入围遴选结果公示', 'uploads/broadcast/bgimage17061204.jpg', 'http://www.bjfu.edu.cn/zxtz/246702.htm', 1),
(16, '2017-06-12 12:11:57', '北京林业大学65周年校庆公告', 'uploads/broadcast/bgimage17061204.jpg', 'http://www.bjfu.edu.cn/zxtz/249025.htm', 1),
(17, '2017-06-12 12:14:46', '2017建筑装饰（室内设计）辅修招生开始', 'imags/3.jpg', '', 3),
(18, '2017-06-12 12:15:06', '【人文素质论坛预告】：中国诗人形象的确立', 'imags/3.jpg', '', 3),
(19, '2017-06-12 12:16:30', '生物学院二十周年院庆公告', 'imags/3.jpg', '', 3),
(20, '2017-06-12 12:16:48', '生物学院对博士生学位论文进行集中审查与评议', 'imags/3.jpg', '', 3),
(21, '2017-06-12 12:17:00', '环境学院院庆论坛——院士讲座', 'imags/3.jpg', '', 3),
(22, '2017-06-12 12:17:14', '材料学院为赣州市南康区培训家具专业人才', 'imags/3.jpg', '', 3),
(23, '2017-06-12 12:17:40', '自然保护区学院开展实验室安全检查专项行动', 'imags/3.jpg', '', 3),
(24, '2017-06-12 12:17:55', '林学院工会健康讲座-重视小症状，预防大问题', 'imags/3.jpg', '', 3),
(25, '2017-06-12 12:18:24', '我校举办第34届世界艺术史大会园林和庭院分论坛', 'imags/3.jpg', '', 2),
(26, '2017-06-12 12:18:37', '2016情系两岸·缘聚园林——海峡两岸园林学术论坛及研习营开幕', 'imags/3.jpg', '', 2),
(27, '2017-06-12 12:18:51', '建筑装饰（室内设计）辅修招生延至9月22日', 'imags/3.jpg', '', 2),
(28, '2017-06-12 12:19:05', '国家理科生物学基地完成年度滚动分流工作', 'imags/3.jpg', '', 2),
(29, '2017-06-12 12:19:31', '2017届北京高校毕业生就业状况问卷调查', 'imags/3.jpg', '', 2),
(30, '2017-06-12 12:19:45', '北京林业大学招生声明', 'imags/3.jpg', '', 2),
(31, '2017-06-15 23:16:50', '校党委书记王洪元调研本科人才培养工作', 'uploads/broadcast/bgimage17061503.jpg', 'http://jwc.bjfu.edu.cn/tpxw/249607.html', 1),
(32, '2017-06-16 00:27:21', '我校应邀在高校实践教学改革与人才培养模式创新会议上做报告', 'uploads/broadcast/bgimage170615040620.jpg', 'http://jwc.bjfu.edu.cn/jwkx/250021.html', 1),
(33, '2017-06-16 00:28:22', '关于转发“国创计划”十周年系列活动相关文件的通知', 'uploads/broadcast/bgimage170615040621.jpeg', 'http://jwc.bjfu.edu.cn/jwkx/250329.html', 1);

-- --------------------------------------------------------

--
-- 表的结构 `courses`
--

CREATE TABLE `courses` (
  `Cid` varchar(20) COLLATE utf8mb4_unicode_ci NOT NULL,
  `Tid` int(10) UNSIGNED NOT NULL,
  `Tname` varchar(20) COLLATE utf8mb4_unicode_ci NOT NULL,
  `Cname` varchar(255) COLLATE utf8mb4_unicode_ci NOT NULL,
  `Ccredit` tinyint(4) NOT NULL,
  `Cterm` tinyint(4) NOT NULL
) ENGINE=InnoDB DEFAULT CHARSET=utf8mb4 COLLATE=utf8mb4_unicode_ci;

--
-- 转存表中的数据 `courses`
--

INSERT INTO `courses` (`Cid`, `Tid`, `Tname`, `Cname`, `Ccredit`, `Cterm`) VALUES
('c10001', 1000001, '甄晓肖', '甄晓肖1', 1, 1),
('c10002', 1000001, '甄晓肖', '甄晓肖2', 2, 1),
('c10003', 1000001, '甄晓肖', '甄晓肖3', 3, 2),
('c10004', 1000002, '段荣娇', '段荣娇1', 2, 2),
('c10005', 1000002, '段荣娇', '段荣娇2', 2, 1),
('c10006', 1000002, '段荣娇', '段荣娇3', 3, 1),
('c10007', 1000002, '段荣娇', '段荣娇4', 2, 2),
('c10008', 1000003, '杨思缈', '杨思缈1', 3, 1),
('c10009', 1000003, '杨思缈', '杨思缈2', 1, 2),
('c10010', 1000003, '杨思缈', '杨思缈3', 2, 2),
('c10011', 1000004, '万鸣', '万鸣1', 1, 2),
('c10012', 1000004, '万鸣', '万鸣2', 2, 1),
('c10013', 1000004, '万鸣', '万鸣3', 3, 1),
('c10014', 1000005, '张恒', '张恒1', 2, 1),
('c10015', 1000005, '张恒', '张恒2', 1, 2),
('c10016', 1000005, '张恒', '张恒3', 3, 2),
('c10017', 1000006, '张欢欢', '张欢欢1', 3, 2),
('c10018', 1000006, '张欢欢', '张欢欢2', 2, 1),
('c10019', 1000006, '张欢欢', '张欢欢3', 2, 1),
('c10020', 1000007, '李浩', '李浩1', 1, 1),
('c10021', 1000007, '李浩', '李浩2', 2, 1),
('c10022', 1000007, '李浩', '李浩3', 3, 2),
('c10023', 1000007, '李浩', '李浩4', 4, 2),
('c10024', 1000008, '刘强', '刘强1', 2, 2),
('c10025', 1000008, '刘强', '刘强2', 1, 1),
('c10026', 1000008, '刘强', '刘强3', 3, 2),
('c10027', 1000009, '马威', '马威1', 2, 1),
('c10028', 1000009, '马威', '马威2', 2, 1),
('c10029', 1000009, '马威', '马威3', 2, 2),
('c10030', 1000010, '胡良堰', '胡良堰1', 2, 2),
('c10031', 1000010, '胡良堰', '胡良堰2', 2, 2),
('c10032', 1000010, '胡良堰', '胡良堰3', 1, 1),
('c10033', 1000011, '杨庆珂', '杨庆珂1', 3, 1),
('c10034', 1000011, '杨庆珂', '杨庆珂2', 1, 2),
('c10035', 1000011, '杨庆珂', '杨庆珂3', 2, 2),
('c10036', 1000013, '肖超', '法律时政', 2, 1),
('c10037', 1000013, '肖超', '法律时政', 2, 2),
('c10038', 1000014, '王晓阳', '课外活动', 2, 1),
('c10039', 1000014, '王晓阳', '课外活动', 2, 2),
('c10040', 1000015, '王博', '法律时政', 2, 1),
('c10041', 1000015, '王博', '法律时政', 2, 2),
('c10042', 1000016, '李宜瑾', '课外活动', 2, 1),
('c10043', 1000016, '李宜瑾', '课外活动', 2, 2),
('c10044', 1000017, '王凤超', '法律时政', 2, 1),
('c10045', 1000017, '王凤超', '法律时政', 2, 2),
('c10046', 1000018, '邱晓康', '课外活动', 2, 1),
('c10047', 1000018, '邱晓康', '课外活动', 2, 2),
('c10048', 1000012, '郭嘉依', '体育', 2, 1),
('c10049', 1000012, '郭嘉依', '体育', 2, 2);

-- --------------------------------------------------------

--
-- 表的结构 `marks`
--

CREATE TABLE `marks` (
  `Mid` int(10) UNSIGNED NOT NULL,
  `Sid` int(10) UNSIGNED NOT NULL,
  `Sname` varchar(20) COLLATE utf8mb4_unicode_ci NOT NULL,
  `Sclass` varchar(20) COLLATE utf8mb4_unicode_ci NOT NULL,
  `Mterm` tinyint(4) NOT NULL,
  `Mcourse` double(8,2) NOT NULL DEFAULT '0.00',
  `Mactivity` tinyint(4) NOT NULL DEFAULT '0',
  `McmSumScore` int(11) NOT NULL DEFAULT '0',
  `McmSum` tinyint(4) NOT NULL DEFAULT '0',
  `MclassMates` double(8,2) NOT NULL DEFAULT '0.00',
  `Mpe` tinyint(4) NOT NULL DEFAULT '0',
  `MlawPolicy` tinyint(4) NOT NULL DEFAULT '0',
  `Mscore` double(8,2) NOT NULL DEFAULT '0.00'
) ENGINE=InnoDB DEFAULT CHARSET=utf8mb4 COLLATE=utf8mb4_unicode_ci;

--
-- 转存表中的数据 `marks`
--

INSERT INTO `marks` (`Mid`, `Sid`, `Sname`, `Sclass`, `Mterm`, `Mcourse`, `Mactivity`, `McmSumScore`, `McmSum`, `MclassMates`, `Mpe`, `MlawPolicy`, `Mscore`) VALUES
(1, 10000001, '熊亚峰', '网工14', 1, 3.33, 5, 0, 0, 0.00, 4, 3, 3.37),
(2, 10000001, '熊亚峰', '网工14', 2, 3.33, 3, 0, 0, 0.00, 5, 2, 2.97),
(3, 10000001, '熊亚峰', '网工14', 3, 3.33, 5, 0, 0, 0.00, 5, 3, 3.46),
(4, 10000001, '熊亚峰', '网工14', 4, 3.33, 3, 0, 0, 0.00, 4, 5, 3.17),
(5, 10000001, '熊亚峰', '网工14', 5, 3.00, 1, 5, 2, 2.50, 2, 5, 2.65),
(6, 10000001, '熊亚峰', '网工14', 6, 4.50, 4, 10, 3, 3.33, 2, 2, 3.78),
(7, 10000001, '熊亚峰', '网工14', 7, 0.00, 0, 0, 0, 0.00, 0, 0, 0.00),
(8, 10000002, '王宇轩', '网工14', 1, 3.33, 4, 0, 0, 0.00, 3, 4, 3.16),
(9, 10000002, '王宇轩', '网工14', 2, 3.00, 2, 0, 0, 0.00, 3, 2, 2.40),
(10, 10000002, '王宇轩', '网工14', 3, 3.33, 2, 0, 0, 0.00, 2, 2, 2.47),
(11, 10000002, '王宇轩', '网工14', 4, 2.67, 3, 0, 0, 0.00, 5, 3, 2.74),
(12, 10000002, '王宇轩', '网工14', 5, 3.67, 5, 9, 2, 4.50, 5, 3, 4.08),
(13, 10000002, '王宇轩', '网工14', 6, 2.50, 5, 9, 2, 4.50, 4, 3, 3.40),
(14, 10000002, '王宇轩', '网工14', 7, 0.00, 0, 0, 0, 0.00, 0, 0, 0.00),
(15, 10000003, '郭李玲', '网工14', 1, 2.00, 3, 0, 0, 0.00, 5, 3, 2.40),
(16, 10000003, '郭李玲', '网工14', 2, 4.00, 4, 0, 0, 0.00, 3, 1, 3.20),
(17, 10000003, '郭李玲', '网工14', 3, 2.33, 2, 0, 0, 0.00, 5, 3, 2.37),
(18, 10000003, '郭李玲', '网工14', 4, 4.00, 2, 0, 0, 0.00, 3, 2, 2.90),
(19, 10000003, '郭李玲', '网工14', 5, 3.33, 3, 5, 2, 2.50, 3, 4, 3.22),
(20, 10000003, '郭李玲', '网工14', 6, 0.50, 3, 6, 2, 3.00, 3, 5, 1.95),
(21, 10000003, '郭李玲', '网工14', 7, 0.00, 0, 0, 0, 0.00, 0, 0, 0.00),
(22, 10000004, '邓晶雪', '网工14', 1, 4.00, 5, 0, 0, 0.00, 5, 3, 3.80),
(23, 10000004, '邓晶雪', '网工14', 2, 3.33, 3, 0, 0, 0.00, 4, 5, 3.17),
(24, 10000004, '邓晶雪', '网工14', 3, 3.67, 5, 0, 0, 0.00, 3, 3, 3.43),
(25, 10000004, '邓晶雪', '网工14', 4, 3.00, 5, 0, 0, 0.00, 2, 3, 3.00),
(26, 10000004, '邓晶雪', '网工14', 5, 3.33, 2, 9, 2, 4.50, 4, 2, 3.12),
(27, 10000004, '邓晶雪', '网工14', 6, 0.33, 2, 9, 2, 4.50, 4, 2, 1.62),
(28, 10000004, '邓晶雪', '网工14', 7, 0.00, 0, 0, 0, 0.00, 0, 0, 0.00),
(29, 10000005, '刘真超', '网工14', 1, 3.67, 4, 0, 0, 0.00, 3, 4, 3.33),
(30, 10000005, '刘真超', '网工14', 2, 3.00, 3, 0, 0, 0.00, 3, 4, 2.80),
(31, 10000005, '刘真超', '网工14', 3, 4.00, 3, 0, 0, 0.00, 1, 3, 3.00),
(32, 10000005, '刘真超', '网工14', 4, 3.33, 2, 0, 0, 0.00, 5, 2, 2.77),
(33, 10000005, '刘真超', '网工14', 5, 3.67, 2, 6, 2, 3.00, 2, 2, 2.94),
(34, 10000005, '刘真超', '网工14', 6, 0.67, 4, 7, 2, 3.50, 4, 5, 2.39),
(35, 10000005, '刘真超', '网工14', 7, 0.00, 0, 0, 0, 0.00, 0, 0, 0.00),
(36, 10000006, '孟丹玉', '网工14', 1, 3.00, 3, 0, 0, 0.00, 5, 4, 3.00),
(37, 10000006, '孟丹玉', '网工14', 2, 3.33, 5, 0, 0, 0.00, 5, 3, 3.46),
(38, 10000006, '孟丹玉', '网工14', 3, 4.00, 3, 0, 0, 0.00, 2, 2, 3.00),
(39, 10000006, '孟丹玉', '网工14', 4, 2.33, 3, 0, 0, 0.00, 3, 3, 2.37),
(40, 10000006, '孟丹玉', '网工14', 5, 2.33, 4, 8, 2, 4.00, 4, 5, 3.27),
(41, 10000006, '孟丹玉', '网工14', 6, 0.50, 4, 7, 2, 3.50, 5, 3, 2.20),
(42, 10000006, '孟丹玉', '网工14', 7, 0.00, 0, 0, 0, 0.00, 0, 0, 0.00),
(43, 10000007, '张悦', '计算机15-1', 1, 3.00, 2, 0, 0, 0.00, 2, 3, 2.40),
(44, 10000007, '张悦', '计算机15-1', 2, 4.00, 3, 0, 0, 0.00, 4, 5, 3.50),
(45, 10000007, '张悦', '计算机15-1', 3, 4.33, 4, 0, 0, 0.00, 4, 2, 3.56),
(46, 10000007, '张悦', '计算机15-1', 4, 0.00, 5, 0, 0, 0.00, 4, 4, 1.80),
(47, 10000007, '张悦', '计算机15-1', 5, 0.00, 0, 0, 0, 0.00, 0, 0, 0.00),
(48, 10000007, '张悦', '计算机15-1', 6, 0.00, 0, 0, 0, 0.00, 0, 0, 0.00),
(49, 10000007, '张悦', '计算机15-1', 7, 0.00, 0, 0, 0, 0.00, 0, 0, 0.00),
(50, 10000008, '刘珊', '计算机15-1', 1, 3.00, 4, 0, 0, 0.00, 5, 3, 3.10),
(51, 10000008, '刘珊', '计算机15-1', 2, 3.00, 2, 0, 0, 0.00, 2, 2, 2.30),
(52, 10000008, '刘珊', '计算机15-1', 3, 2.00, 5, 0, 0, 0.00, 4, 2, 2.60),
(53, 10000008, '刘珊', '计算机15-1', 4, 0.00, 3, 0, 0, 0.00, 4, 3, 1.30),
(54, 10000008, '刘珊', '计算机15-1', 5, 0.00, 0, 0, 0, 0.00, 0, 0, 0.00),
(55, 10000008, '刘珊', '计算机15-1', 6, 0.00, 0, 0, 0, 0.00, 0, 0, 0.00),
(56, 10000008, '刘珊', '计算机15-1', 7, 0.00, 0, 0, 0, 0.00, 0, 0, 0.00),
(57, 10000009, '李亚娟', '计算机15-1', 1, 4.00, 2, 0, 0, 0.00, 4, 5, 3.30),
(58, 10000009, '李亚娟', '计算机15-1', 2, 3.00, 5, 0, 0, 0.00, 3, 4, 3.20),
(59, 10000009, '李亚娟', '计算机15-1', 3, 4.00, 5, 0, 0, 0.00, 5, 5, 4.00),
(60, 10000009, '李亚娟', '计算机15-1', 4, 0.00, 2, 0, 0, 0.00, 4, 3, 1.10),
(61, 10000009, '李亚娟', '计算机15-1', 5, 0.00, 0, 0, 0, 0.00, 0, 0, 0.00),
(62, 10000009, '李亚娟', '计算机15-1', 6, 0.00, 0, 0, 0, 0.00, 0, 0, 0.00),
(63, 10000009, '李亚娟', '计算机15-1', 7, 0.00, 0, 0, 0, 0.00, 0, 0, 0.00),
(64, 10000010, '陈步灿', '计算机15-1', 1, 3.00, 3, 0, 0, 0.00, 3, 5, 2.90),
(65, 10000010, '陈步灿', '计算机15-1', 2, 3.67, 5, 0, 0, 0.00, 5, 5, 3.84),
(66, 10000010, '陈步灿', '计算机15-1', 3, 3.67, 3, 0, 0, 0.00, 4, 3, 3.13),
(67, 10000010, '陈步灿', '计算机15-1', 4, 0.00, 3, 0, 0, 0.00, 5, 4, 1.50),
(68, 10000010, '陈步灿', '计算机15-1', 5, 0.00, 0, 0, 0, 0.00, 0, 0, 0.00),
(69, 10000010, '陈步灿', '计算机15-1', 6, 0.00, 0, 0, 0, 0.00, 0, 0, 0.00),
(70, 10000010, '陈步灿', '计算机15-1', 7, 0.00, 0, 0, 0, 0.00, 0, 0, 0.00),
(71, 10000011, '易中', '计算机15-1', 1, 3.33, 3, 0, 0, 0.00, 4, 2, 2.87),
(72, 10000011, '易中', '计算机15-1', 2, 4.00, 3, 0, 0, 0.00, 2, 2, 3.00),
(73, 10000011, '易中', '计算机15-1', 3, 4.00, 5, 0, 0, 0.00, 5, 4, 3.90),
(74, 10000011, '易中', '计算机15-1', 4, 0.00, 3, 0, 0, 0.00, 3, 5, 1.40),
(75, 10000011, '易中', '计算机15-1', 5, 0.00, 0, 0, 0, 0.00, 0, 0, 0.00),
(76, 10000011, '易中', '计算机15-1', 6, 0.00, 0, 0, 0, 0.00, 0, 0, 0.00),
(77, 10000011, '易中', '计算机15-1', 7, 0.00, 0, 0, 0, 0.00, 0, 0, 0.00),
(78, 10000012, '许晏铭', '车辆16', 1, 2.67, 3, 0, 0, 0.00, 3, 4, 2.64),
(79, 10000012, '许晏铭', '车辆16', 2, 0.00, 3, 0, 0, 0.00, 2, 4, 1.20),
(80, 10000012, '许晏铭', '车辆16', 3, 0.00, 0, 0, 0, 0.00, 0, 0, 0.00),
(81, 10000012, '许晏铭', '车辆16', 4, 0.00, 0, 0, 0, 0.00, 0, 0, 0.00),
(82, 10000012, '许晏铭', '车辆16', 5, 0.00, 0, 0, 0, 0.00, 0, 0, 0.00),
(83, 10000012, '许晏铭', '车辆16', 6, 0.00, 0, 0, 0, 0.00, 0, 0, 0.00),
(84, 10000012, '许晏铭', '车辆16', 7, 0.00, 0, 0, 0, 0.00, 0, 0, 0.00),
(85, 10000013, '李柯雨', '车辆16', 1, 4.00, 4, 0, 0, 0.00, 2, 4, 3.40),
(86, 10000013, '李柯雨', '车辆16', 2, 0.00, 4, 0, 0, 0.00, 5, 4, 1.70),
(87, 10000013, '李柯雨', '车辆16', 3, 0.00, 0, 0, 0, 0.00, 0, 0, 0.00),
(88, 10000013, '李柯雨', '车辆16', 4, 0.00, 0, 0, 0, 0.00, 0, 0, 0.00),
(89, 10000013, '李柯雨', '车辆16', 5, 0.00, 0, 0, 0, 0.00, 0, 0, 0.00),
(90, 10000013, '李柯雨', '车辆16', 6, 0.00, 0, 0, 0, 0.00, 0, 0, 0.00),
(91, 10000013, '李柯雨', '车辆16', 7, 0.00, 0, 0, 0, 0.00, 0, 0, 0.00),
(92, 10000014, '周灿', '车辆16', 1, 2.33, 5, 0, 0, 0.00, 4, 5, 3.06),
(93, 10000014, '周灿', '车辆16', 2, 0.00, 5, 0, 0, 0.00, 3, 2, 1.50),
(94, 10000014, '周灿', '车辆16', 3, 0.00, 0, 0, 0, 0.00, 0, 0, 0.00),
(95, 10000014, '周灿', '车辆16', 4, 0.00, 0, 0, 0, 0.00, 0, 0, 0.00),
(96, 10000014, '周灿', '车辆16', 5, 0.00, 0, 0, 0, 0.00, 0, 0, 0.00),
(97, 10000014, '周灿', '车辆16', 6, 0.00, 0, 0, 0, 0.00, 0, 0, 0.00),
(98, 10000014, '周灿', '车辆16', 7, 0.00, 0, 0, 0, 0.00, 0, 0, 0.00),
(99, 10000015, '曹津铭', '车辆16', 1, 4.00, 3, 0, 0, 0.00, 3, 3, 3.20),
(100, 10000015, '曹津铭', '车辆16', 2, 0.00, 4, 0, 0, 0.00, 2, 1, 1.10),
(101, 10000015, '曹津铭', '车辆16', 3, 0.00, 0, 0, 0, 0.00, 0, 0, 0.00),
(102, 10000015, '曹津铭', '车辆16', 4, 0.00, 0, 0, 0, 0.00, 0, 0, 0.00),
(103, 10000015, '曹津铭', '车辆16', 5, 0.00, 0, 0, 0, 0.00, 0, 0, 0.00),
(104, 10000015, '曹津铭', '车辆16', 6, 0.00, 0, 0, 0, 0.00, 0, 0, 0.00),
(105, 10000015, '曹津铭', '车辆16', 7, 0.00, 0, 0, 0, 0.00, 0, 0, 0.00),
(106, 10000016, '赵孔文', '车辆16', 1, 2.00, 4, 0, 0, 0.00, 4, 4, 2.60),
(107, 10000016, '赵孔文', '车辆16', 2, 0.00, 5, 0, 0, 0.00, 5, 3, 1.80),
(108, 10000016, '赵孔文', '车辆16', 3, 0.00, 0, 0, 0, 0.00, 0, 0, 0.00),
(109, 10000016, '赵孔文', '车辆16', 4, 0.00, 0, 0, 0, 0.00, 0, 0, 0.00),
(110, 10000016, '赵孔文', '车辆16', 5, 0.00, 0, 0, 0, 0.00, 0, 0, 0.00),
(111, 10000016, '赵孔文', '车辆16', 6, 0.00, 0, 0, 0, 0.00, 0, 0, 0.00),
(112, 10000016, '赵孔文', '车辆16', 7, 0.00, 0, 0, 0, 0.00, 0, 0, 0.00),
(113, 10000017, '张江锋', '车辆16', 1, 4.67, 2, 0, 0, 0.00, 2, 2, 3.14),
(114, 10000017, '张江锋', '车辆16', 2, 0.00, 3, 0, 0, 0.00, 2, 3, 1.10),
(115, 10000017, '张江锋', '车辆16', 3, 0.00, 0, 0, 0, 0.00, 0, 0, 0.00),
(116, 10000017, '张江锋', '车辆16', 4, 0.00, 0, 0, 0, 0.00, 0, 0, 0.00),
(117, 10000017, '张江锋', '车辆16', 5, 0.00, 0, 0, 0, 0.00, 0, 0, 0.00),
(118, 10000017, '张江锋', '车辆16', 6, 0.00, 0, 0, 0, 0.00, 0, 0, 0.00),
(119, 10000017, '张江锋', '车辆16', 7, 0.00, 0, 0, 0, 0.00, 0, 0, 0.00),
(120, 10000018, '佐健蓉', '车辆16', 1, 3.33, 2, 0, 0, 0.00, 2, 3, 2.57),
(121, 10000018, '佐健蓉', '车辆16', 2, 0.00, 2, 0, 0, 0.00, 4, 5, 1.30),
(122, 10000018, '佐健蓉', '车辆16', 3, 0.00, 0, 0, 0, 0.00, 0, 0, 0.00),
(123, 10000018, '佐健蓉', '车辆16', 4, 0.00, 0, 0, 0, 0.00, 0, 0, 0.00),
(124, 10000018, '佐健蓉', '车辆16', 5, 0.00, 0, 0, 0, 0.00, 0, 0, 0.00),
(125, 10000018, '佐健蓉', '车辆16', 6, 0.00, 0, 0, 0, 0.00, 0, 0, 0.00),
(126, 10000018, '佐健蓉', '车辆16', 7, 0.00, 0, 0, 0, 0.00, 0, 0, 0.00),
(127, 10000019, '李秀娟', '车辆16', 1, 2.00, 5, 0, 0, 0.00, 5, 3, 2.80),
(128, 10000019, '李秀娟', '车辆16', 2, 0.00, 4, 0, 0, 0.00, 3, 3, 1.40),
(129, 10000019, '李秀娟', '车辆16', 3, 0.00, 0, 0, 0, 0.00, 0, 0, 0.00),
(130, 10000019, '李秀娟', '车辆16', 4, 0.00, 0, 0, 0, 0.00, 0, 0, 0.00),
(131, 10000019, '李秀娟', '车辆16', 5, 0.00, 0, 0, 0, 0.00, 0, 0, 0.00),
(132, 10000019, '李秀娟', '车辆16', 6, 0.00, 0, 0, 0, 0.00, 0, 0, 0.00),
(133, 10000019, '李秀娟', '车辆16', 7, 0.00, 0, 0, 0, 0.00, 0, 0, 0.00),
(134, 10000020, '张馨月', '人资14', 1, 3.00, 4, 0, 0, 0.00, 4, 3, 3.00),
(135, 10000020, '张馨月', '人资14', 2, 3.00, 4, 0, 0, 0.00, 3, 3, 2.90),
(136, 10000020, '张馨月', '人资14', 3, 3.33, 5, 0, 0, 0.00, 2, 5, 3.37),
(137, 10000020, '张馨月', '人资14', 4, 4.00, 5, 0, 0, 0.00, 4, 3, 3.70),
(138, 10000020, '张馨月', '人资14', 5, 4.00, 2, 0, 0, 0.00, 3, 4, 3.10),
(139, 10000020, '张馨月', '人资14', 6, 0.00, 3, 0, 0, 0.00, 3, 4, 1.30),
(140, 10000020, '张馨月', '人资14', 7, 0.00, 0, 0, 0, 0.00, 0, 0, 0.00),
(141, 10000021, '王华蓥', '人资14', 1, 4.00, 3, 0, 0, 0.00, 3, 3, 3.20),
(142, 10000021, '王华蓥', '人资14', 2, 2.33, 3, 0, 0, 0.00, 2, 3, 2.27),
(143, 10000021, '王华蓥', '人资14', 3, 3.00, 2, 0, 0, 0.00, 2, 3, 2.40),
(144, 10000021, '王华蓥', '人资14', 4, 3.00, 4, 0, 0, 0.00, 3, 3, 2.90),
(145, 10000021, '王华蓥', '人资14', 5, 3.00, 2, 0, 0, 0.00, 3, 3, 2.50),
(146, 10000021, '王华蓥', '人资14', 6, 0.00, 4, 0, 0, 0.00, 3, 2, 1.30),
(147, 10000021, '王华蓥', '人资14', 7, 0.00, 0, 0, 0, 0.00, 0, 0, 0.00),
(148, 10000022, '孙凡清', '人资14', 1, 3.67, 5, 0, 0, 0.00, 5, 3, 3.63),
(149, 10000022, '孙凡清', '人资14', 2, 4.00, 5, 0, 0, 0.00, 4, 4, 3.80),
(150, 10000022, '孙凡清', '人资14', 3, 3.33, 5, 0, 0, 0.00, 5, 3, 3.46),
(151, 10000022, '孙凡清', '人资14', 4, 3.33, 3, 0, 0, 0.00, 3, 2, 2.77),
(152, 10000022, '孙凡清', '人资14', 5, 3.33, 5, 0, 0, 0.00, 4, 3, 3.37),
(153, 10000022, '孙凡清', '人资14', 6, 0.00, 2, 0, 0, 0.00, 4, 4, 1.20),
(154, 10000022, '孙凡清', '人资14', 7, 0.00, 0, 0, 0, 0.00, 0, 0, 0.00),
(155, 10000023, '康依', '人资14', 1, 3.00, 4, 0, 0, 0.00, 4, 3, 3.00),
(156, 10000023, '康依', '人资14', 2, 3.67, 4, 0, 0, 0.00, 3, 3, 3.23),
(157, 10000023, '康依', '人资14', 3, 3.00, 3, 0, 0, 0.00, 4, 3, 2.80),
(158, 10000023, '康依', '人资14', 4, 2.67, 2, 0, 0, 0.00, 5, 5, 2.73),
(159, 10000023, '康依', '人资14', 5, 2.67, 3, 0, 0, 0.00, 3, 5, 2.74),
(160, 10000023, '康依', '人资14', 6, 0.00, 4, 0, 0, 0.00, 5, 5, 1.80),
(161, 10000023, '康依', '人资14', 7, 0.00, 0, 0, 0, 0.00, 0, 0, 0.00),
(162, 10000024, '孙华', '人资14', 1, 3.00, 3, 0, 0, 0.00, 3, 2, 2.60),
(163, 10000024, '孙华', '人资14', 2, 3.00, 3, 0, 0, 0.00, 3, 2, 2.60),
(164, 10000024, '孙华', '人资14', 3, 2.67, 1, 0, 0, 0.00, 3, 1, 1.94),
(165, 10000024, '孙华', '人资14', 4, 4.00, 3, 0, 0, 0.00, 3, 2, 3.10),
(166, 10000024, '孙华', '人资14', 5, 3.67, 4, 0, 0, 0.00, 4, 3, 3.34),
(167, 10000024, '孙华', '人资14', 6, 0.00, 4, 0, 0, 0.00, 3, 3, 1.40),
(168, 10000024, '孙华', '人资14', 7, 0.00, 0, 0, 0, 0.00, 0, 0, 0.00),
(169, 10000025, '胡思琪', '工商15', 1, 3.33, 2, 0, 0, 0.00, 4, 3, 2.76),
(170, 10000025, '胡思琪', '工商15', 2, 3.33, 3, 0, 0, 0.00, 2, 3, 2.77),
(171, 10000025, '胡思琪', '工商15', 3, 3.33, 4, 0, 0, 0.00, 2, 4, 3.06),
(172, 10000025, '胡思琪', '工商15', 4, 0.00, 5, 0, 0, 0.00, 3, 2, 1.50),
(173, 10000025, '胡思琪', '工商15', 5, 0.00, 0, 0, 0, 0.00, 0, 0, 0.00),
(174, 10000025, '胡思琪', '工商15', 6, 0.00, 0, 0, 0, 0.00, 0, 0, 0.00),
(175, 10000025, '胡思琪', '工商15', 7, 0.00, 0, 0, 0, 0.00, 0, 0, 0.00),
(176, 10000026, '包鹏飞', '工商15', 1, 3.00, 2, 0, 0, 0.00, 5, 3, 2.70),
(177, 10000026, '包鹏飞', '工商15', 2, 2.67, 3, 0, 0, 0.00, 4, 3, 2.63),
(178, 10000026, '包鹏飞', '工商15', 3, 2.67, 2, 0, 0, 0.00, 3, 2, 2.24),
(179, 10000026, '包鹏飞', '工商15', 4, 0.00, 4, 0, 0, 0.00, 5, 5, 1.80),
(180, 10000026, '包鹏飞', '工商15', 5, 0.00, 0, 0, 0, 0.00, 0, 0, 0.00),
(181, 10000026, '包鹏飞', '工商15', 6, 0.00, 0, 0, 0, 0.00, 0, 0, 0.00),
(182, 10000026, '包鹏飞', '工商15', 7, 0.00, 0, 0, 0, 0.00, 0, 0, 0.00),
(183, 10000027, '张岩', '工商15', 1, 3.00, 5, 0, 0, 0.00, 2, 2, 2.90),
(184, 10000027, '张岩', '工商15', 2, 4.00, 2, 0, 0, 0.00, 2, 2, 2.80),
(185, 10000027, '张岩', '工商15', 3, 3.67, 5, 0, 0, 0.00, 5, 2, 3.54),
(186, 10000027, '张岩', '工商15', 4, 0.00, 5, 0, 0, 0.00, 3, 3, 1.60),
(187, 10000027, '张岩', '工商15', 5, 0.00, 0, 0, 0, 0.00, 0, 0, 0.00),
(188, 10000027, '张岩', '工商15', 6, 0.00, 0, 0, 0, 0.00, 0, 0, 0.00),
(189, 10000027, '张岩', '工商15', 7, 0.00, 0, 0, 0, 0.00, 0, 0, 0.00),
(190, 10000028, '黄圆基', '工商15', 1, 3.33, 4, 0, 0, 0.00, 4, 3, 3.17),
(191, 10000028, '黄圆基', '工商15', 2, 2.67, 4, 0, 0, 0.00, 3, 5, 2.93),
(192, 10000028, '黄圆基', '工商15', 3, 3.00, 5, 0, 0, 0.00, 3, 5, 3.30),
(193, 10000028, '黄圆基', '工商15', 4, 0.00, 3, 0, 0, 0.00, 4, 4, 1.40),
(194, 10000028, '黄圆基', '工商15', 5, 0.00, 0, 0, 0, 0.00, 0, 0, 0.00),
(195, 10000028, '黄圆基', '工商15', 6, 0.00, 0, 0, 0, 0.00, 0, 0, 0.00),
(196, 10000028, '黄圆基', '工商15', 7, 0.00, 0, 0, 0, 0.00, 0, 0, 0.00),
(197, 10000029, '敖翔宇', '工商15', 1, 3.33, 3, 0, 0, 0.00, 3, 3, 2.87),
(198, 10000029, '敖翔宇', '工商15', 2, 3.33, 4, 0, 0, 0.00, 5, 2, 3.17),
(199, 10000029, '敖翔宇', '工商15', 3, 3.00, 4, 0, 0, 0.00, 5, 2, 3.00),
(200, 10000029, '敖翔宇', '工商15', 4, 0.00, 2, 0, 0, 0.00, 4, 4, 1.20),
(201, 10000029, '敖翔宇', '工商15', 5, 0.00, 0, 0, 0, 0.00, 0, 0, 0.00),
(202, 10000029, '敖翔宇', '工商15', 6, 0.00, 0, 0, 0, 0.00, 0, 0, 0.00),
(203, 10000029, '敖翔宇', '工商15', 7, 0.00, 0, 0, 0, 0.00, 0, 0, 0.00);

-- --------------------------------------------------------

--
-- 表的结构 `migrations`
--

CREATE TABLE `migrations` (
  `id` int(10) UNSIGNED NOT NULL,
  `migration` varchar(255) COLLATE utf8mb4_unicode_ci NOT NULL,
  `batch` int(11) NOT NULL
) ENGINE=MyISAM DEFAULT CHARSET=utf8mb4 COLLATE=utf8mb4_unicode_ci;

--
-- 转存表中的数据 `migrations`
--

INSERT INTO `migrations` (`id`, `migration`, `batch`) VALUES
(1, '2017_04_22_091308_Students', 1),
(2, '2017_04_24_061240_Marks', 1),
(3, '2017_04_24_063929_Teachers', 1),
(4, '2017_04_24_064002_Courses', 1),
(5, '2017_04_24_064033_Admin', 1),
(6, '2017_04_24_064054_Scourses', 1),
(7, '2017_04_24_064240_Broadcasts', 1);

-- --------------------------------------------------------

--
-- 表的结构 `scourses`
--

CREATE TABLE `scourses` (
  `Sid` int(10) UNSIGNED NOT NULL,
  `Cid` varchar(20) COLLATE utf8mb4_unicode_ci NOT NULL,
  `Sname` varchar(20) COLLATE utf8mb4_unicode_ci NOT NULL,
  `Cname` varchar(255) COLLATE utf8mb4_unicode_ci NOT NULL,
  `ScmarkObjective` tinyint(4) NOT NULL DEFAULT '0',
  `ScmarkSubjective` tinyint(4) NOT NULL DEFAULT '0',
  `Scmark` double(8,2) NOT NULL DEFAULT '0.00',
  `Sctime` varchar(20) COLLATE utf8mb4_unicode_ci NOT NULL,
  `Scterm` tinyint(4) NOT NULL DEFAULT '0'
) ENGINE=InnoDB DEFAULT CHARSET=utf8mb4 COLLATE=utf8mb4_unicode_ci;

--
-- 转存表中的数据 `scourses`
--

INSERT INTO `scourses` (`Sid`, `Cid`, `Sname`, `Cname`, `ScmarkObjective`, `ScmarkSubjective`, `Scmark`, `Sctime`, `Scterm`) VALUES
(10000001, 'c10001', '熊亚峰', '甄晓肖1', 4, 3, 3.50, '2017-上', 6),
(10000001, 'c10002', '熊亚峰', '甄晓肖2', 0, 5, 4.50, '2017-上', 6),
(10000001, 'c10005', '熊亚峰', '段荣娇2', 0, 0, 0.00, '2017-上', 6),
(10000001, 'c201401', '熊亚峰', '课程2014下-1', 5, 5, 5.00, '2014-下', 1),
(10000001, 'c201402', '熊亚峰', '课程2014下-2', 3, 3, 3.00, '2014-下', 1),
(10000001, 'c201403', '熊亚峰', '课程2014下-3', 2, 2, 2.00, '2014-下', 1),
(10000001, 'c2015001', '熊亚峰', '课程2015下-1', 4, 4, 4.00, '2015-下', 3),
(10000001, 'c2015002', '熊亚峰', '课程2015下-2', 3, 3, 3.00, '2015-下', 3),
(10000001, 'c2015003', '熊亚峰', '课程2015下-3', 3, 3, 3.00, '2015-下', 3),
(10000001, 'c201501', '熊亚峰', '课程2015上-1', 3, 3, 3.00, '2015-上', 2),
(10000001, 'c201502', '熊亚峰', '课程2015上-2', 2, 2, 2.00, '2015-上', 2),
(10000001, 'c201503', '熊亚峰', '课程2015上-3', 5, 5, 5.00, '2015-上', 2),
(10000001, 'c2016001', '熊亚峰', '课程2016下-1', 4, 4, 4.00, '2016-下', 5),
(10000001, 'c2016002', '熊亚峰', '课程2016下-2', 3, 3, 3.00, '2016-下', 5),
(10000001, 'c2016003', '熊亚峰', '课程2016下-3', 2, 2, 2.00, '2016-下', 5),
(10000001, 'c201601', '熊亚峰', '课程2016上-1', 2, 2, 2.00, '2016-上', 4),
(10000001, 'c201602', '熊亚峰', '课程2016上-2', 5, 5, 5.00, '2016-上', 4),
(10000001, 'c201603', '熊亚峰', '课程2016上-3', 3, 3, 3.00, '2016-上', 4),
(10000002, 'c10001', '王宇轩', '甄晓肖1', 2, 3, 2.50, '2017-上', 6),
(10000002, 'c10002', '王宇轩', '甄晓肖2', 5, 5, 5.00, '2017-上', 6),
(10000002, 'c10005', '王宇轩', '段荣娇2', 0, 0, 0.00, '2017-上', 6),
(10000002, 'c201404', '王宇轩', '课程2014下-1', 4, 4, 4.00, '2014-下', 1),
(10000002, 'c201405', '王宇轩', '课程2014下-2', 3, 3, 3.00, '2014-下', 1),
(10000002, 'c201406', '王宇轩', '课程2014下-3', 3, 3, 3.00, '2014-下', 1),
(10000002, 'c2015004', '王宇轩', '课程2015下-1', 2, 2, 2.00, '2015-下', 3),
(10000002, 'c2015005', '王宇轩', '课程2015下-2', 5, 5, 5.00, '2015-下', 3),
(10000002, 'c2015006', '王宇轩', '课程2015下-3', 3, 3, 3.00, '2015-下', 3),
(10000002, 'c201504', '王宇轩', '课程2015上-1', 3, 3, 3.00, '2015-上', 2),
(10000002, 'c201505', '王宇轩', '课程2015上-2', 2, 2, 2.00, '2015-上', 2),
(10000002, 'c201506', '王宇轩', '课程2015上-3', 4, 4, 4.00, '2015-上', 2),
(10000002, 'c2016004', '王宇轩', '课程2016下-1', 5, 5, 5.00, '2016-下', 5),
(10000002, 'c2016005', '王宇轩', '课程2016下-2', 3, 3, 3.00, '2016-下', 5),
(10000002, 'c2016006', '王宇轩', '课程2016下-3', 3, 3, 3.00, '2016-下', 5),
(10000002, 'c201604', '王宇轩', '课程2016上-1', 5, 5, 5.00, '2016-上', 4),
(10000002, 'c201605', '王宇轩', '课程2016上-2', 2, 2, 2.00, '2016-上', 4),
(10000002, 'c201606', '王宇轩', '课程2016上-3', 1, 1, 1.00, '2016-上', 4),
(10000003, 'c10001', '郭李玲', '甄晓肖1', 3, 0, 1.50, '2017-上', 6),
(10000003, 'c10002', '郭李玲', '甄晓肖2', 0, 0, 0.00, '2017-上', 6),
(10000003, 'c10005', '郭李玲', '段荣娇2', 0, 0, 0.00, '2017-上', 6),
(10000003, 'c201407', '郭李玲', '课程2014下-1', 2, 2, 2.00, '2014-下', 1),
(10000003, 'c201408', '郭李玲', '课程2014下-2', 2, 2, 2.00, '2014-下', 1),
(10000003, 'c201409', '郭李玲', '课程2014下-3', 2, 2, 2.00, '2014-下', 1),
(10000003, 'c2015007', '郭李玲', '课程2015下-1', 2, 2, 2.00, '2015-下', 3),
(10000003, 'c2015008', '郭李玲', '课程2015下-2', 2, 2, 2.00, '2015-下', 3),
(10000003, 'c2015009', '郭李玲', '课程2015下-3', 3, 3, 3.00, '2015-下', 3),
(10000003, 'c201507', '郭李玲', '课程2015上-1', 3, 3, 3.00, '2015-上', 2),
(10000003, 'c201508', '郭李玲', '课程2015上-2', 5, 5, 5.00, '2015-上', 2),
(10000003, 'c201509', '郭李玲', '课程2015上-3', 4, 4, 4.00, '2015-上', 2),
(10000003, 'c2016007', '郭李玲', '课程2016下-1', 4, 4, 4.00, '2016-下', 5),
(10000003, 'c2016008', '郭李玲', '课程2016下-2', 2, 2, 2.00, '2016-下', 5),
(10000003, 'c2016009', '郭李玲', '课程2016下-3', 4, 4, 4.00, '2016-下', 5),
(10000003, 'c201607', '郭李玲', '课程2016上-1', 3, 3, 3.00, '2016-上', 4),
(10000003, 'c201608', '郭李玲', '课程2016上-2', 5, 5, 5.00, '2016-上', 4),
(10000003, 'c201609', '郭李玲', '课程2016上-3', 4, 4, 4.00, '2016-上', 4),
(10000004, 'c10001', '邓晶雪', '甄晓肖1', 2, 0, 1.00, '2017-上', 6),
(10000004, 'c10002', '邓晶雪', '甄晓肖2', 0, 0, 0.00, '2017-上', 6),
(10000004, 'c10005', '邓晶雪', '段荣娇2', 0, 0, 0.00, '2017-上', 6),
(10000004, 'c201410', '邓晶雪', '课程2014下-1', 4, 4, 4.00, '2014-下', 1),
(10000004, 'c201411', '邓晶雪', '课程2014下-2', 3, 3, 3.00, '2014-下', 1),
(10000004, 'c201412', '邓晶雪', '课程2014下-3', 5, 5, 5.00, '2014-下', 1),
(10000004, 'c2015010', '邓晶雪', '课程2015下-1', 2, 2, 2.00, '2015-下', 3),
(10000004, 'c2015011', '邓晶雪', '课程2015下-2', 4, 4, 4.00, '2015-下', 3),
(10000004, 'c2015012', '邓晶雪', '课程2015下-3', 5, 5, 5.00, '2015-下', 3),
(10000004, 'c201510', '邓晶雪', '课程2015上-1', 3, 3, 3.00, '2015-上', 2),
(10000004, 'c201511', '邓晶雪', '课程2015上-2', 4, 4, 4.00, '2015-上', 2),
(10000004, 'c201512', '邓晶雪', '课程2015上-3', 3, 3, 3.00, '2015-上', 2),
(10000004, 'c2016010', '邓晶雪', '课程2016下-1', 2, 2, 2.00, '2016-下', 5),
(10000004, 'c2016011', '邓晶雪', '课程2016下-2', 3, 3, 3.00, '2016-下', 5),
(10000004, 'c2016012', '邓晶雪', '课程2016下-3', 5, 5, 5.00, '2016-下', 5),
(10000004, 'c201610', '邓晶雪', '课程2016上-1', 2, 2, 2.00, '2016-上', 4),
(10000004, 'c201611', '邓晶雪', '课程2016上-2', 4, 4, 4.00, '2016-上', 4),
(10000004, 'c201612', '邓晶雪', '课程2016上-3', 3, 3, 3.00, '2016-上', 4),
(10000005, 'c10001', '刘真超', '甄晓肖1', 4, 0, 2.00, '2017-上', 6),
(10000005, 'c10002', '刘真超', '甄晓肖2', 0, 0, 0.00, '2017-上', 6),
(10000005, 'c10005', '刘真超', '段荣娇2', 0, 0, 0.00, '2017-上', 6),
(10000005, 'c201413', '刘真超', '课程2014下-1', 4, 4, 4.00, '2014-下', 1),
(10000005, 'c201414', '刘真超', '课程2014下-2', 3, 3, 3.00, '2014-下', 1),
(10000005, 'c201415', '刘真超', '课程2014下-3', 4, 4, 4.00, '2014-下', 1),
(10000005, 'c2015013', '刘真超', '课程2015下-1', 4, 4, 4.00, '2015-下', 3),
(10000005, 'c2015014', '刘真超', '课程2015下-2', 3, 3, 3.00, '2015-下', 3),
(10000005, 'c2015015', '刘真超', '课程2015下-3', 5, 5, 5.00, '2015-下', 3),
(10000005, 'c201513', '刘真超', '课程2015上-1', 2, 2, 2.00, '2015-上', 2),
(10000005, 'c201514', '刘真超', '课程2015上-2', 4, 4, 4.00, '2015-上', 2),
(10000005, 'c201515', '刘真超', '课程2015上-3', 3, 3, 3.00, '2015-上', 2),
(10000005, 'c2016013', '刘真超', '课程2016下-1', 3, 3, 3.00, '2016-下', 5),
(10000005, 'c2016014', '刘真超', '课程2016下-2', 3, 3, 3.00, '2016-下', 5),
(10000005, 'c2016015', '刘真超', '课程2016下-3', 5, 5, 5.00, '2016-下', 5),
(10000005, 'c201613', '刘真超', '课程2016上-1', 3, 3, 3.00, '2016-上', 4),
(10000005, 'c201614', '刘真超', '课程2016上-2', 2, 2, 2.00, '2016-上', 4),
(10000005, 'c201615', '刘真超', '课程2016上-3', 5, 5, 5.00, '2016-上', 4),
(10000006, 'c10001', '孟丹玉', '甄晓肖1', 3, 0, 1.50, '2017-上', 6),
(10000006, 'c10002', '孟丹玉', '甄晓肖2', 0, 0, 0.00, '2017-上', 6),
(10000006, 'c10005', '孟丹玉', '段荣娇2', 0, 0, 0.00, '2017-上', 6),
(10000006, 'c201416', '孟丹玉', '课程2014下-1', 3, 3, 3.00, '2014-下', 1),
(10000006, 'c201417', '孟丹玉', '课程2014下-2', 2, 2, 2.00, '2014-下', 1),
(10000006, 'c201418', '孟丹玉', '课程2014下-3', 4, 4, 4.00, '2014-下', 1),
(10000006, 'c2015016', '孟丹玉', '课程2015下-1', 3, 3, 3.00, '2015-下', 3),
(10000006, 'c2015017', '孟丹玉', '课程2015下-2', 5, 5, 5.00, '2015-下', 3),
(10000006, 'c2015018', '孟丹玉', '课程2015下-3', 4, 4, 4.00, '2015-下', 3),
(10000006, 'c201516', '孟丹玉', '课程2015上-1', 2, 2, 2.00, '2015-上', 2),
(10000006, 'c201517', '孟丹玉', '课程2015上-2', 5, 5, 5.00, '2015-上', 2),
(10000006, 'c201518', '孟丹玉', '课程2015上-3', 3, 3, 3.00, '2015-上', 2),
(10000006, 'c2016016', '孟丹玉', '课程2016下-1', 3, 3, 3.00, '2016-下', 5),
(10000006, 'c2016017', '孟丹玉', '课程2016下-2', 2, 2, 2.00, '2016-下', 5),
(10000006, 'c2016018', '孟丹玉', '课程2016下-3', 2, 2, 2.00, '2016-下', 5),
(10000006, 'c201616', '孟丹玉', '课程2016上-1', 3, 3, 3.00, '2016-上', 4),
(10000006, 'c201617', '孟丹玉', '课程2016上-2', 2, 2, 2.00, '2016-上', 4),
(10000006, 'c201618', '孟丹玉', '课程2016上-3', 2, 2, 2.00, '2016-上', 4),
(10000007, 'c10006', '张悦', '段荣娇3', 0, 0, 0.00, '2017-上', 4),
(10000007, 'c10008', '张悦', '杨思缈1', 0, 0, 0.00, '2017-上', 4),
(10000007, 'c10012', '张悦', '万鸣2', 0, 0, 0.00, '2017-上', 4),
(10000007, 'c2015019', '张悦', '课程2015下-1', 2, 2, 2.00, '2015-下', 1),
(10000007, 'c2015020', '张悦', '课程2015下-2', 4, 4, 4.00, '2015-下', 1),
(10000007, 'c2015021', '张悦', '课程2015下-3', 3, 3, 3.00, '2015-下', 1),
(10000007, 'c2016019', '张悦', '课程2016下-1', 5, 5, 5.00, '2016-下', 3),
(10000007, 'c2016020', '张悦', '课程2016下-2', 3, 3, 3.00, '2016-下', 3),
(10000007, 'c2016021', '张悦', '课程2016下-3', 5, 5, 5.00, '2016-下', 3),
(10000007, 'c201619', '张悦', '课程2016上-1', 3, 3, 3.00, '2016-上', 2),
(10000007, 'c201620', '张悦', '课程2016上-2', 4, 4, 4.00, '2016-上', 2),
(10000007, 'c201621', '张悦', '课程2016上-3', 5, 5, 5.00, '2016-上', 2),
(10000008, 'c10006', '刘珊', '段荣娇3', 0, 0, 0.00, '2017-上', 4),
(10000008, 'c10008', '刘珊', '杨思缈1', 0, 0, 0.00, '2017-上', 4),
(10000008, 'c10012', '刘珊', '万鸣2', 0, 0, 0.00, '2017-上', 4),
(10000008, 'c2015022', '刘珊', '课程2015下-1', 3, 3, 3.00, '2015-下', 1),
(10000008, 'c2015023', '刘珊', '课程2015下-2', 3, 3, 3.00, '2015-下', 1),
(10000008, 'c2015024', '刘珊', '课程2015下-3', 3, 3, 3.00, '2015-下', 1),
(10000008, 'c2016022', '刘珊', '课程2016下-1', 2, 2, 2.00, '2016-下', 3),
(10000008, 'c2016023', '刘珊', '课程2016下-2', 1, 1, 1.00, '2016-下', 3),
(10000008, 'c2016024', '刘珊', '课程2016下-3', 3, 3, 3.00, '2016-下', 3),
(10000008, 'c201622', '刘珊', '课程2016上-1', 3, 3, 3.00, '2016-上', 2),
(10000008, 'c201623', '刘珊', '课程2016上-2', 3, 3, 3.00, '2016-上', 2),
(10000008, 'c201624', '刘珊', '课程2016上-3', 3, 3, 3.00, '2016-上', 2),
(10000009, 'c10006', '李亚娟', '段荣娇3', 0, 0, 0.00, '2017-上', 4),
(10000009, 'c10008', '李亚娟', '杨思缈1', 0, 0, 0.00, '2017-上', 4),
(10000009, 'c10013', '李亚娟', '万鸣3', 0, 0, 0.00, '2017-上', 4),
(10000009, 'c2015025', '李亚娟', '课程2015下-1', 3, 3, 3.00, '2015-下', 1),
(10000009, 'c2015026', '李亚娟', '课程2015下-2', 5, 5, 5.00, '2015-下', 1),
(10000009, 'c2015027', '李亚娟', '课程2015下-3', 4, 4, 4.00, '2015-下', 1),
(10000009, 'c2016025', '李亚娟', '课程2016下-1', 5, 5, 5.00, '2016-下', 3),
(10000009, 'c2016026', '李亚娟', '课程2016下-2', 3, 3, 3.00, '2016-下', 3),
(10000009, 'c2016027', '李亚娟', '课程2016下-3', 4, 4, 4.00, '2016-下', 3),
(10000009, 'c201625', '李亚娟', '课程2016上-1', 2, 2, 2.00, '2016-上', 2),
(10000009, 'c201626', '李亚娟', '课程2016上-2', 4, 4, 4.00, '2016-上', 2),
(10000009, 'c201627', '李亚娟', '课程2016上-3', 3, 3, 3.00, '2016-上', 2),
(10000010, 'c10006', '陈步灿', '段荣娇3', 0, 0, 0.00, '2017-上', 4),
(10000010, 'c10008', '陈步灿', '杨思缈1', 0, 0, 0.00, '2017-上', 4),
(10000010, 'c10013', '陈步灿', '万鸣3', 0, 0, 0.00, '2017-上', 4),
(10000010, 'c2015028', '陈步灿', '课程2015下-1', 2, 2, 2.00, '2015-下', 1),
(10000010, 'c2015029', '陈步灿', '课程2015下-2', 4, 4, 4.00, '2015-下', 1),
(10000010, 'c2015030', '陈步灿', '课程2015下-3', 3, 3, 3.00, '2015-下', 1),
(10000010, 'c2016028', '陈步灿', '课程2016下-1', 2, 2, 2.00, '2016-下', 3),
(10000010, 'c2016029', '陈步灿', '课程2016下-2', 4, 4, 4.00, '2016-下', 3),
(10000010, 'c2016030', '陈步灿', '课程2016下-3', 5, 5, 5.00, '2016-下', 3),
(10000010, 'c201628', '陈步灿', '课程2016上-1', 2, 2, 2.00, '2016-上', 2),
(10000010, 'c201629', '陈步灿', '课程2016上-2', 4, 4, 4.00, '2016-上', 2),
(10000010, 'c201630', '陈步灿', '课程2016上-3', 5, 5, 5.00, '2016-上', 2),
(10000011, 'c10006', '易中', '段荣娇3', 0, 0, 0.00, '2017-上', 4),
(10000011, 'c10008', '易中', '杨思缈1', 0, 0, 0.00, '2017-上', 4),
(10000011, 'c10013', '易中', '万鸣3', 0, 0, 0.00, '2017-上', 4),
(10000011, 'c2015031', '易中', '课程2015下-1', 3, 3, 3.00, '2015-下', 1),
(10000011, 'c2015032', '易中', '课程2015下-2', 2, 2, 2.00, '2015-下', 1),
(10000011, 'c2015033', '易中', '课程2015下-3', 5, 5, 5.00, '2015-下', 1),
(10000011, 'c2016031', '易中', '课程2016下-1', 4, 4, 4.00, '2016-下', 3),
(10000011, 'c2016032', '易中', '课程2016下-2', 3, 3, 3.00, '2016-下', 3),
(10000011, 'c2016033', '易中', '课程2016下-3', 5, 5, 5.00, '2016-下', 3),
(10000011, 'c201631', '易中', '课程2016上-1', 4, 4, 4.00, '2016-上', 2),
(10000011, 'c201632', '易中', '课程2016上-2', 3, 3, 3.00, '2016-上', 2),
(10000011, 'c201633', '易中', '课程2016上-3', 5, 5, 5.00, '2016-上', 2),
(10000012, 'c10014', '许晏铭', '张恒1', 0, 0, 0.00, '2017-上', 2),
(10000012, 'c10018', '许晏铭', '张欢欢2', 0, 0, 0.00, '2017-上', 2),
(10000012, 'c10020', '许晏铭', '李浩1', 0, 0, 0.00, '2017-上', 2),
(10000012, 'c2016034', '许晏铭', '课程2016下-1', 4, 4, 4.00, '2016-下', 1),
(10000012, 'c2016035', '许晏铭', '课程2016下-2', 3, 3, 3.00, '2016-下', 1),
(10000012, 'c2016036', '许晏铭', '课程2016下-3', 1, 1, 1.00, '2016-下', 1),
(10000013, 'c10014', '李柯雨', '张恒1', 0, 0, 0.00, '2017-上', 2),
(10000013, 'c10018', '李柯雨', '张欢欢2', 0, 0, 0.00, '2017-上', 2),
(10000013, 'c10020', '李柯雨', '李浩1', 0, 0, 0.00, '2017-上', 2),
(10000013, 'c2016037', '李柯雨', '课程2016下-1', 3, 3, 3.00, '2016-下', 1),
(10000013, 'c2016038', '李柯雨', '课程2016下-2', 4, 4, 4.00, '2016-下', 1),
(10000013, 'c2016039', '李柯雨', '课程2016下-3', 5, 5, 5.00, '2016-下', 1),
(10000014, 'c10014', '周灿', '张恒1', 0, 0, 0.00, '2017-上', 2),
(10000014, 'c10018', '周灿', '张欢欢2', 0, 0, 0.00, '2017-上', 2),
(10000014, 'c10020', '周灿', '李浩1', 0, 0, 0.00, '2017-上', 2),
(10000014, 'c2016040', '周灿', '课程2016下-1', 2, 2, 2.00, '2016-下', 1),
(10000014, 'c2016041', '周灿', '课程2016下-2', 3, 3, 3.00, '2016-下', 1),
(10000014, 'c2016042', '周灿', '课程2016下-3', 2, 2, 2.00, '2016-下', 1),
(10000015, 'c10014', '曹津铭', '张恒1', 0, 0, 0.00, '2017-上', 2),
(10000015, 'c10018', '曹津铭', '张欢欢2', 0, 0, 0.00, '2017-上', 2),
(10000015, 'c10020', '曹津铭', '李浩1', 0, 0, 0.00, '2017-上', 2),
(10000015, 'c2016043', '曹津铭', '课程2016下-1', 3, 3, 3.00, '2016-下', 1),
(10000015, 'c2016044', '曹津铭', '课程2016下-2', 5, 5, 5.00, '2016-下', 1),
(10000015, 'c2016045', '曹津铭', '课程2016下-3', 4, 4, 4.00, '2016-下', 1),
(10000016, 'c10014', '赵孔文', '张恒1', 0, 0, 0.00, '2017-上', 2),
(10000016, 'c10019', '赵孔文', '张欢欢3', 0, 0, 0.00, '2017-上', 2),
(10000016, 'c10021', '赵孔文', '李浩2', 0, 0, 0.00, '2017-上', 2),
(10000016, 'c2016046', '赵孔文', '课程2016下-1', 3, 3, 3.00, '2016-下', 1),
(10000016, 'c2016047', '赵孔文', '课程2016下-2', 2, 2, 2.00, '2016-下', 1),
(10000016, 'c2016048', '赵孔文', '课程2016下-3', 1, 1, 1.00, '2016-下', 1),
(10000017, 'c10014', '张江锋', '张恒1', 0, 0, 0.00, '2017-上', 2),
(10000017, 'c10019', '张江锋', '张欢欢3', 0, 0, 0.00, '2017-上', 2),
(10000017, 'c10021', '张江锋', '李浩2', 0, 0, 0.00, '2017-上', 2),
(10000017, 'c2016049', '张江锋', '课程2016下-1', 5, 5, 5.00, '2016-下', 1),
(10000017, 'c2016050', '张江锋', '课程2016下-2', 4, 4, 4.00, '2016-下', 1),
(10000017, 'c2016051', '张江锋', '课程2016下-3', 5, 5, 5.00, '2016-下', 1),
(10000018, 'c10014', '佐健蓉', '张恒1', 0, 0, 0.00, '2017-上', 2),
(10000018, 'c10019', '佐健蓉', '张欢欢3', 0, 0, 0.00, '2017-上', 2),
(10000018, 'c10021', '佐健蓉', '李浩2', 0, 0, 0.00, '2017-上', 2),
(10000018, 'c2016052', '佐健蓉', '课程2016下-1', 3, 3, 3.00, '2016-下', 1),
(10000018, 'c2016053', '佐健蓉', '课程2016下-2', 2, 2, 2.00, '2016-下', 1),
(10000018, 'c2016054', '佐健蓉', '课程2016下-3', 5, 5, 5.00, '2016-下', 1),
(10000019, 'c10014', '李秀娟', '张恒1', 0, 0, 0.00, '2017-上', 2),
(10000019, 'c10019', '李秀娟', '张欢欢3', 0, 0, 0.00, '2017-上', 2),
(10000019, 'c10021', '李秀娟', '李浩2', 0, 0, 0.00, '2017-上', 2),
(10000019, 'c2016055', '李秀娟', '课程2016下-1', 3, 3, 3.00, '2016-下', 1),
(10000019, 'c2016056', '李秀娟', '课程2016下-2', 2, 2, 2.00, '2016-下', 1),
(10000019, 'c2016057', '李秀娟', '课程2016下-3', 1, 1, 1.00, '2016-下', 1),
(10000020, 'c10025', '张馨月', '刘强2', 0, 0, 0.00, '2017-上', 6),
(10000020, 'c10027', '张馨月', '马威1', 0, 0, 0.00, '2017-上', 6),
(10000020, 'c10032', '张馨月', '胡良堰3', 0, 0, 0.00, '2017-上', 6),
(10000020, 'c201419', '张馨月', '课程2014下-1', 2, 2, 2.00, '2014-下', 1),
(10000020, 'c201420', '张馨月', '课程2014下-2', 4, 4, 4.00, '2014-下', 1),
(10000020, 'c201421', '张馨月', '课程2014下-3', 3, 3, 3.00, '2014-下', 1),
(10000020, 'c2015034', '张馨月', '课程2015下-1', 3, 3, 3.00, '2015-下', 3),
(10000020, 'c2015035', '张馨月', '课程2015下-2', 4, 4, 4.00, '2015-下', 3),
(10000020, 'c2015036', '张馨月', '课程2015下-3', 3, 3, 3.00, '2015-下', 3),
(10000020, 'c201519', '张馨月', '课程2015上-1', 2, 2, 2.00, '2015-上', 2),
(10000020, 'c201520', '张馨月', '课程2015上-2', 4, 4, 4.00, '2015-上', 2),
(10000020, 'c201521', '张馨月', '课程2015上-3', 3, 3, 3.00, '2015-上', 2),
(10000020, 'c2016058', '张馨月', '课程2016下-1', 3, 3, 3.00, '2016-下', 5),
(10000020, 'c2016059', '张馨月', '课程2016下-2', 5, 5, 5.00, '2016-下', 5),
(10000020, 'c2016060', '张馨月', '课程2016下-3', 4, 4, 4.00, '2016-下', 5),
(10000020, 'c201634', '张馨月', '课程2016上-1', 3, 3, 3.00, '2016-上', 4),
(10000020, 'c201635', '张馨月', '课程2016上-2', 5, 5, 5.00, '2016-上', 4),
(10000020, 'c201636', '张馨月', '课程2016上-3', 4, 4, 4.00, '2016-上', 4),
(10000021, 'c10025', '王华蓥', '刘强2', 0, 0, 0.00, '2017-上', 6),
(10000021, 'c10027', '王华蓥', '马威1', 0, 0, 0.00, '2017-上', 6),
(10000021, 'c10032', '王华蓥', '胡良堰3', 0, 0, 0.00, '2017-上', 6),
(10000021, 'c201422', '王华蓥', '课程2014下-1', 4, 4, 4.00, '2014-下', 1),
(10000021, 'c201423', '王华蓥', '课程2014下-2', 3, 3, 3.00, '2014-下', 1),
(10000021, 'c201424', '王华蓥', '课程2014下-3', 5, 5, 5.00, '2014-下', 1),
(10000021, 'c2015037', '王华蓥', '课程2015下-1', 2, 2, 2.00, '2015-下', 3),
(10000021, 'c2015038', '王华蓥', '课程2015下-2', 4, 4, 4.00, '2015-下', 3),
(10000021, 'c2015039', '王华蓥', '课程2015下-3', 3, 3, 3.00, '2015-下', 3),
(10000021, 'c201522', '王华蓥', '课程2015上-1', 3, 3, 3.00, '2015-上', 2),
(10000021, 'c201523', '王华蓥', '课程2015上-2', 2, 2, 2.00, '2015-上', 2),
(10000021, 'c201524', '王华蓥', '课程2015上-3', 2, 2, 2.00, '2015-上', 2),
(10000021, 'c2016061', '王华蓥', '课程2016下-1', 2, 2, 2.00, '2016-下', 5),
(10000021, 'c2016062', '王华蓥', '课程2016下-2', 4, 4, 4.00, '2016-下', 5),
(10000021, 'c2016063', '王华蓥', '课程2016下-3', 3, 3, 3.00, '2016-下', 5),
(10000021, 'c201637', '王华蓥', '课程2016上-1', 2, 2, 2.00, '2016-上', 4),
(10000021, 'c201638', '王华蓥', '课程2016上-2', 4, 4, 4.00, '2016-上', 4),
(10000021, 'c201639', '王华蓥', '课程2016上-3', 3, 3, 3.00, '2016-上', 4),
(10000022, 'c10025', '孙凡清', '刘强2', 0, 0, 0.00, '2017-上', 6),
(10000022, 'c10027', '孙凡清', '马威1', 0, 0, 0.00, '2017-上', 6),
(10000022, 'c10032', '孙凡清', '胡良堰3', 0, 0, 0.00, '2017-上', 6),
(10000022, 'c201425', '孙凡清', '课程2014下-1', 4, 4, 4.00, '2014-下', 1),
(10000022, 'c201426', '孙凡清', '课程2014下-2', 3, 3, 3.00, '2014-下', 1),
(10000022, 'c201427', '孙凡清', '课程2014下-3', 4, 4, 4.00, '2014-下', 1),
(10000022, 'c2015040', '孙凡清', '课程2015下-1', 3, 3, 3.00, '2015-下', 3),
(10000022, 'c2015041', '孙凡清', '课程2015下-2', 2, 2, 2.00, '2015-下', 3),
(10000022, 'c2015042', '孙凡清', '课程2015下-3', 5, 5, 5.00, '2015-下', 3),
(10000022, 'c201525', '孙凡清', '课程2015上-1', 4, 4, 4.00, '2015-上', 2),
(10000022, 'c201526', '孙凡清', '课程2015上-2', 3, 3, 3.00, '2015-上', 2),
(10000022, 'c201527', '孙凡清', '课程2015上-3', 5, 5, 5.00, '2015-上', 2),
(10000022, 'c2016064', '孙凡清', '课程2016下-1', 3, 3, 3.00, '2016-下', 5),
(10000022, 'c2016065', '孙凡清', '课程2016下-2', 2, 2, 2.00, '2016-下', 5),
(10000022, 'c2016066', '孙凡清', '课程2016下-3', 5, 5, 5.00, '2016-下', 5),
(10000022, 'c201640', '孙凡清', '课程2016上-1', 3, 3, 3.00, '2016-上', 4),
(10000022, 'c201641', '孙凡清', '课程2016上-2', 2, 2, 2.00, '2016-上', 4),
(10000022, 'c201642', '孙凡清', '课程2016上-3', 5, 5, 5.00, '2016-上', 4),
(10000023, 'c10025', '康依', '刘强2', 0, 0, 0.00, '2017-上', 6),
(10000023, 'c10027', '康依', '马威1', 0, 0, 0.00, '2017-上', 6),
(10000023, 'c10032', '康依', '胡良堰3', 0, 0, 0.00, '2017-上', 6),
(10000023, 'c201428', '康依', '课程2014下-1', 3, 3, 3.00, '2014-下', 1),
(10000023, 'c201429', '康依', '课程2014下-2', 2, 2, 2.00, '2014-下', 1),
(10000023, 'c201430', '康依', '课程2014下-3', 4, 4, 4.00, '2014-下', 1),
(10000023, 'c2015043', '康依', '课程2015下-1', 3, 3, 3.00, '2015-下', 3),
(10000023, 'c2015044', '康依', '课程2015下-2', 2, 2, 2.00, '2015-下', 3),
(10000023, 'c2015045', '康依', '课程2015下-3', 4, 4, 4.00, '2015-下', 3),
(10000023, 'c201528', '康依', '课程2015上-1', 4, 4, 4.00, '2015-上', 2),
(10000023, 'c201529', '康依', '课程2015上-2', 3, 3, 3.00, '2015-上', 2),
(10000023, 'c201530', '康依', '课程2015上-3', 4, 4, 4.00, '2015-上', 2),
(10000023, 'c2016067', '康依', '课程2016下-1', 3, 3, 3.00, '2016-下', 5),
(10000023, 'c2016068', '康依', '课程2016下-2', 2, 2, 2.00, '2016-下', 5),
(10000023, 'c2016069', '康依', '课程2016下-3', 3, 3, 3.00, '2016-下', 5),
(10000023, 'c201643', '康依', '课程2016上-1', 3, 3, 3.00, '2016-上', 4),
(10000023, 'c201644', '康依', '课程2016上-2', 2, 2, 2.00, '2016-上', 4),
(10000023, 'c201645', '康依', '课程2016上-3', 3, 3, 3.00, '2016-上', 4),
(10000024, 'c10025', '孙华', '刘强2', 0, 0, 0.00, '2017-上', 6),
(10000024, 'c10027', '孙华', '马威1', 0, 0, 0.00, '2017-上', 6),
(10000024, 'c10032', '孙华', '胡良堰3', 0, 0, 0.00, '2017-上', 6),
(10000024, 'c201431', '孙华', '课程2014下-1', 2, 2, 2.00, '2014-下', 1),
(10000024, 'c201432', '孙华', '课程2014下-2', 4, 4, 4.00, '2014-下', 1),
(10000024, 'c201433', '孙华', '课程2014下-3', 3, 3, 3.00, '2014-下', 1),
(10000024, 'c2015046', '孙华', '课程2015下-1', 3, 3, 3.00, '2015-下', 3),
(10000024, 'c2015047', '孙华', '课程2015下-2', 3, 3, 3.00, '2015-下', 3),
(10000024, 'c2015048', '孙华', '课程2015下-3', 2, 2, 2.00, '2015-下', 3),
(10000024, 'c201531', '孙华', '课程2015上-1', 3, 3, 3.00, '2015-上', 2),
(10000024, 'c201532', '孙华', '课程2015上-2', 2, 2, 2.00, '2015-上', 2),
(10000024, 'c201533', '孙华', '课程2015上-3', 4, 4, 4.00, '2015-上', 2),
(10000024, 'c2016070', '孙华', '课程2016下-1', 4, 4, 4.00, '2016-下', 5),
(10000024, 'c2016071', '孙华', '课程2016下-2', 4, 4, 4.00, '2016-下', 5),
(10000024, 'c2016072', '孙华', '课程2016下-3', 3, 3, 3.00, '2016-下', 5),
(10000024, 'c201646', '孙华', '课程2016上-1', 4, 4, 4.00, '2016-上', 4),
(10000024, 'c201647', '孙华', '课程2016上-2', 3, 3, 3.00, '2016-上', 4),
(10000024, 'c201648', '孙华', '课程2016上-3', 5, 5, 5.00, '2016-上', 4),
(10000025, 'c10025', '胡思琪', '刘强2', 0, 0, 0.00, '2017-上', 4),
(10000025, 'c10028', '胡思琪', '马威2', 0, 0, 0.00, '2017-上', 4),
(10000025, 'c10033', '胡思琪', '杨庆珂1', 0, 0, 0.00, '2017-上', 4),
(10000025, 'c2015049', '胡思琪', '课程2015下-1', 5, 5, 5.00, '2015-下', 1),
(10000025, 'c2015050', '胡思琪', '课程2015下-2', 3, 3, 3.00, '2015-下', 1),
(10000025, 'c2015051', '胡思琪', '课程2015下-3', 2, 2, 2.00, '2015-下', 1),
(10000025, 'c2016073', '胡思琪', '课程2016下-1', 5, 5, 5.00, '2016-下', 3),
(10000025, 'c2016074', '胡思琪', '课程2016下-2', 3, 3, 3.00, '2016-下', 3),
(10000025, 'c2016075', '胡思琪', '课程2016下-3', 2, 2, 2.00, '2016-下', 3),
(10000025, 'c201649', '胡思琪', '课程2016上-1', 4, 4, 4.00, '2016-上', 2),
(10000025, 'c201650', '胡思琪', '课程2016上-2', 2, 2, 2.00, '2016-上', 2),
(10000025, 'c201651', '胡思琪', '课程2016上-3', 4, 4, 4.00, '2016-上', 2),
(10000026, 'c10025', '包鹏飞', '刘强2', 0, 0, 0.00, '2017-上', 4),
(10000026, 'c10028', '包鹏飞', '马威2', 0, 0, 0.00, '2017-上', 4),
(10000026, 'c10033', '包鹏飞', '杨庆珂1', 0, 0, 0.00, '2017-上', 4),
(10000026, 'c2015052', '包鹏飞', '课程2015下-1', 3, 3, 3.00, '2015-下', 1),
(10000026, 'c2015053', '包鹏飞', '课程2015下-2', 3, 3, 3.00, '2015-下', 1),
(10000026, 'c2015054', '包鹏飞', '课程2015下-3', 3, 3, 3.00, '2015-下', 1),
(10000026, 'c2016076', '包鹏飞', '课程2016下-1', 1, 1, 1.00, '2016-下', 3),
(10000026, 'c2016077', '包鹏飞', '课程2016下-2', 3, 3, 3.00, '2016-下', 3),
(10000026, 'c2016078', '包鹏飞', '课程2016下-3', 4, 4, 4.00, '2016-下', 3),
(10000026, 'c201652', '包鹏飞', '课程2016上-1', 3, 3, 3.00, '2016-上', 2),
(10000026, 'c201653', '包鹏飞', '课程2016上-2', 3, 3, 3.00, '2016-上', 2),
(10000026, 'c201654', '包鹏飞', '课程2016上-3', 2, 2, 2.00, '2016-上', 2),
(10000027, 'c10025', '张岩', '刘强2', 0, 0, 0.00, '2017-上', 4),
(10000027, 'c10028', '张岩', '马威2', 0, 0, 0.00, '2017-上', 4),
(10000027, 'c10033', '张岩', '杨庆珂1', 0, 0, 0.00, '2017-上', 4),
(10000027, 'c2015055', '张岩', '课程2015下-1', 4, 4, 4.00, '2015-下', 1),
(10000027, 'c2015056', '张岩', '课程2015下-2', 3, 3, 3.00, '2015-下', 1),
(10000027, 'c2015057', '张岩', '课程2015下-3', 2, 2, 2.00, '2015-下', 1),
(10000027, 'c2016079', '张岩', '课程2016下-1', 5, 5, 5.00, '2016-下', 3),
(10000027, 'c2016080', '张岩', '课程2016下-2', 3, 3, 3.00, '2016-下', 3),
(10000027, 'c2016081', '张岩', '课程2016下-3', 3, 3, 3.00, '2016-下', 3),
(10000027, 'c201655', '张岩', '课程2016上-1', 5, 5, 5.00, '2016-上', 2),
(10000027, 'c201656', '张岩', '课程2016上-2', 3, 3, 3.00, '2016-上', 2),
(10000027, 'c201657', '张岩', '课程2016上-3', 4, 4, 4.00, '2016-上', 2),
(10000028, 'c10025', '黄圆基', '刘强2', 0, 0, 0.00, '2017-上', 4),
(10000028, 'c10028', '黄圆基', '马威2', 0, 0, 0.00, '2017-上', 4),
(10000028, 'c10033', '黄圆基', '杨庆珂1', 0, 0, 0.00, '2017-上', 4),
(10000028, 'c2015058', '黄圆基', '课程2015下-1', 4, 4, 4.00, '2015-下', 1),
(10000028, 'c2015059', '黄圆基', '课程2015下-2', 3, 3, 3.00, '2015-下', 1),
(10000028, 'c2015060', '黄圆基', '课程2015下-3', 3, 3, 3.00, '2015-下', 1),
(10000028, 'c2016082', '黄圆基', '课程2016下-1', 3, 3, 3.00, '2016-下', 3),
(10000028, 'c2016083', '黄圆基', '课程2016下-2', 2, 2, 2.00, '2016-下', 3),
(10000028, 'c2016084', '黄圆基', '课程2016下-3', 4, 4, 4.00, '2016-下', 3),
(10000028, 'c201658', '黄圆基', '课程2016上-1', 3, 3, 3.00, '2016-上', 2),
(10000028, 'c201659', '黄圆基', '课程2016上-2', 3, 3, 3.00, '2016-上', 2),
(10000028, 'c201660', '黄圆基', '课程2016上-3', 2, 2, 2.00, '2016-上', 2),
(10000029, 'c10025', '敖翔宇', '刘强2', 0, 0, 0.00, '2017-上', 4),
(10000029, 'c10028', '敖翔宇', '马威2', 0, 0, 0.00, '2017-上', 4),
(10000029, 'c10033', '敖翔宇', '杨庆珂1', 0, 0, 0.00, '2017-上', 4),
(10000029, 'c2015061', '敖翔宇', '课程2015下-1', 2, 2, 2.00, '2015-下', 1),
(10000029, 'c2015062', '敖翔宇', '课程2015下-2', 5, 5, 5.00, '2015-下', 1),
(10000029, 'c2015063', '敖翔宇', '课程2015下-3', 3, 3, 3.00, '2015-下', 1),
(10000029, 'c2016085', '敖翔宇', '课程2016下-1', 3, 3, 3.00, '2016-下', 3),
(10000029, 'c2016086', '敖翔宇', '课程2016下-2', 4, 4, 4.00, '2016-下', 3),
(10000029, 'c2016087', '敖翔宇', '课程2016下-3', 2, 2, 2.00, '2016-下', 3),
(10000029, 'c201661', '敖翔宇', '课程2016上-1', 5, 5, 5.00, '2016-上', 2),
(10000029, 'c201662', '敖翔宇', '课程2016上-2', 3, 3, 3.00, '2016-上', 2),
(10000029, 'c201663', '敖翔宇', '课程2016上-3', 2, 2, 2.00, '2016-上', 2);

-- --------------------------------------------------------

--
-- 表的结构 `students`
--

CREATE TABLE `students` (
  `Sid` int(10) UNSIGNED NOT NULL,
  `Sname` varchar(20) COLLATE utf8mb4_unicode_ci NOT NULL,
  `Spassword` varchar(255) COLLATE utf8mb4_unicode_ci NOT NULL,
  `Ssex` varchar(5) COLLATE utf8mb4_unicode_ci NOT NULL,
  `Sapartment` varchar(20) COLLATE utf8mb4_unicode_ci NOT NULL,
  `Sclass` varchar(20) COLLATE utf8mb4_unicode_ci NOT NULL,
  `Sgrade` varchar(10) COLLATE utf8mb4_unicode_ci NOT NULL,
  `Sphoto` varchar(255) COLLATE utf8mb4_unicode_ci DEFAULT NULL
) ENGINE=InnoDB DEFAULT CHARSET=utf8mb4 COLLATE=utf8mb4_unicode_ci;

--
-- 转存表中的数据 `students`
--

INSERT INTO `students` (`Sid`, `Sname`, `Spassword`, `Ssex`, `Sapartment`, `Sclass`, `Sgrade`, `Sphoto`) VALUES
(10000001, '熊亚峰', 'e10adc3949ba59abbe56e057f20f883e', '男', '信息学院', '网工14', '3', 'imags/student/10000001.jpg'),
(10000002, '王宇轩', 'e10adc3949ba59abbe56e057f20f883e', '男', '信息学院', '网工14', '3', 'imags/3.jpg'),
(10000003, '郭李玲', 'e10adc3949ba59abbe56e057f20f883e', '男', '信息学院', '网工14', '3', 'imags/3.jpg'),
(10000004, '邓晶雪', 'e10adc3949ba59abbe56e057f20f883e', '男', '信息学院', '网工14', '3', 'imags/3.jpg'),
(10000005, '刘真超', 'e10adc3949ba59abbe56e057f20f883e', '男', '信息学院', '网工14', '3', 'imags/3.jpg'),
(10000006, '孟丹玉', 'e10adc3949ba59abbe56e057f20f883e', '男', '信息学院', '网工14', '3', 'imags/3.jpg'),
(10000007, '张悦', 'e10adc3949ba59abbe56e057f20f883e', '女', '信息学院', '计算机15-1', '2', 'imags/3.jpg'),
(10000008, '刘珊', 'e10adc3949ba59abbe56e057f20f883e', '女', '信息学院', '计算机15-1', '2', 'imags/3.jpg'),
(10000009, '李亚娟', 'e10adc3949ba59abbe56e057f20f883e', '女', '信息学院', '计算机15-1', '2', 'imags/3.jpg'),
(10000010, '陈步灿', 'e10adc3949ba59abbe56e057f20f883e', '女', '信息学院', '计算机15-1', '2', 'imags/3.jpg'),
(10000011, '易中', 'e10adc3949ba59abbe56e057f20f883e', '女', '信息学院', '计算机15-1', '2', 'imags/3.jpg'),
(10000012, '许晏铭', 'e10adc3949ba59abbe56e057f20f883e', '女', '工学院', '车辆16', '1', 'imags/3.jpg'),
(10000013, '李柯雨', 'e10adc3949ba59abbe56e057f20f883e', '女', '工学院', '车辆16', '1', 'imags/3.jpg'),
(10000014, '周灿', 'e10adc3949ba59abbe56e057f20f883e', '女', '工学院', '车辆16', '1', 'imags/3.jpg'),
(10000015, '曹津铭', 'e10adc3949ba59abbe56e057f20f883e', '女', '工学院', '车辆16', '1', 'imags/3.jpg'),
(10000016, '赵孔文', 'e10adc3949ba59abbe56e057f20f883e', '女', '工学院', '车辆16', '1', 'imags/3.jpg'),
(10000017, '张江锋', 'e10adc3949ba59abbe56e057f20f883e', '女', '工学院', '车辆16', '1', 'imags/3.jpg'),
(10000018, '佐健蓉', 'e10adc3949ba59abbe56e057f20f883e', '男', '工学院', '车辆16', '1', 'imags/3.jpg'),
(10000019, '李秀娟', 'e10adc3949ba59abbe56e057f20f883e', '男', '工学院', '车辆16', '1', 'imags/3.jpg'),
(10000020, '张馨月', 'e10adc3949ba59abbe56e057f20f883e', '男', '经管学院', '人资14', '3', 'imags/3.jpg'),
(10000021, '王华蓥', 'e10adc3949ba59abbe56e057f20f883e', '男', '经管学院', '人资14', '3', 'imags/3.jpg'),
(10000022, '孙凡清', 'e10adc3949ba59abbe56e057f20f883e', '男', '经管学院', '人资14', '3', 'imags/3.jpg'),
(10000023, '康依', 'e10adc3949ba59abbe56e057f20f883e', '男', '经管学院', '人资14', '3', 'imags/3.jpg'),
(10000024, '孙华', 'e10adc3949ba59abbe56e057f20f883e', '女', '经管学院', '人资14', '3', 'imags/3.jpg'),
(10000025, '胡思琪', 'e10adc3949ba59abbe56e057f20f883e', '女', '经管学院', '工商15', '2', 'imags/3.jpg'),
(10000026, '包鹏飞', 'e10adc3949ba59abbe56e057f20f883e', '女', '经管学院', '工商15', '2', 'imags/3.jpg'),
(10000027, '张岩', 'e10adc3949ba59abbe56e057f20f883e', '女', '经管学院', '工商15', '2', 'imags/3.jpg'),
(10000028, '黄圆基', 'e10adc3949ba59abbe56e057f20f883e', '女', '经管学院', '工商15', '2', 'imags/3.jpg'),
(10000029, '敖翔宇', 'e10adc3949ba59abbe56e057f20f883e', '女', '经管学院', '工商15', '2', 'imags/3.jpg');

-- --------------------------------------------------------

--
-- 表的结构 `teachers`
--

CREATE TABLE `teachers` (
  `Tid` int(10) UNSIGNED NOT NULL,
  `Tname` varchar(20) COLLATE utf8mb4_unicode_ci NOT NULL,
  `Tpassword` varchar(255) COLLATE utf8mb4_unicode_ci NOT NULL,
  `Tsex` varchar(5) COLLATE utf8mb4_unicode_ci NOT NULL,
  `Tphone` varchar(15) COLLATE utf8mb4_unicode_ci DEFAULT NULL,
  `Tapartment` varchar(20) COLLATE utf8mb4_unicode_ci NOT NULL,
  `Tphoto` varchar(255) COLLATE utf8mb4_unicode_ci DEFAULT NULL
) ENGINE=InnoDB DEFAULT CHARSET=utf8mb4 COLLATE=utf8mb4_unicode_ci;

--
-- 转存表中的数据 `teachers`
--

INSERT INTO `teachers` (`Tid`, `Tname`, `Tpassword`, `Tsex`, `Tphone`, `Tapartment`, `Tphoto`) VALUES
(1000001, '甄晓肖', 'e10adc3949ba59abbe56e057f20f883e', '男', '18812345678', '信息学院', 'imags/3.jpg'),
(1000002, '段荣娇', 'e10adc3949ba59abbe56e057f20f883e', '女', '18812345679', '信息学院', 'imags/3.jpg'),
(1000003, '杨思缈', 'e10adc3949ba59abbe56e057f20f883e', '女', '18812345680', '信息学院', 'imags/3.jpg'),
(1000004, '万鸣', 'e10adc3949ba59abbe56e057f20f883e', '男', '18812345681', '信息学院', 'imags/3.jpg'),
(1000005, '张恒', 'e10adc3949ba59abbe56e057f20f883e', '男', '18812345682', '工学院', 'imags/3.jpg'),
(1000006, '张欢欢', 'e10adc3949ba59abbe56e057f20f883e', '男', '18812345683', '工学院', 'imags/3.jpg'),
(1000007, '李浩', 'e10adc3949ba59abbe56e057f20f883e', '男', '18812345684', '工学院', 'imags/3.jpg'),
(1000008, '刘强', 'e10adc3949ba59abbe56e057f20f883e', '女', '18812345685', '经管学院', 'imags/3.jpg'),
(1000009, '马威', 'e10adc3949ba59abbe56e057f20f883e', '女', '18812345686', '经管学院', 'imags/3.jpg'),
(1000010, '胡良堰', 'e10adc3949ba59abbe56e057f20f883e', '男', '18812345687', '经管学院', 'imags/3.jpg'),
(1000011, '杨庆珂', 'e10adc3949ba59abbe56e057f20f883e', '女', '18812345688', '经管学院', 'imags/3.jpg'),
(1000012, '郭嘉依', 'e10adc3949ba59abbe56e057f20f883e', '男', '18812345689', '全校', 'imags/3.jpg'),
(1000013, '肖超', 'e10adc3949ba59abbe56e057f20f883e', '女', '18812345690', '信息学院', 'imags/3.jpg'),
(1000014, '王晓阳', 'e10adc3949ba59abbe56e057f20f883e', '男', '18812345691', '信息学院', 'imags/3.jpg'),
(1000015, '王博', 'e10adc3949ba59abbe56e057f20f883e', '女', '18812345692', '工学院', 'imags/3.jpg'),
(1000016, '李宜瑾', 'e10adc3949ba59abbe56e057f20f883e', '女', '18812345693', '工学院', 'imags/3.jpg'),
(1000017, '王凤超', 'e10adc3949ba59abbe56e057f20f883e', '男', '18812345694', '管理学院', 'imags/3.jpg'),
(1000018, '邱晓康', 'e10adc3949ba59abbe56e057f20f883e', '女', '18812345695', '管理学院', 'imags/3.jpg');

-- --------------------------------------------------------

--
-- 表的结构 `test`
--

CREATE TABLE `test` (
  `col1` int(11) DEFAULT NULL,
  `col2` varchar(255) DEFAULT NULL,
  `col3` varchar(255) DEFAULT NULL
) ENGINE=MyISAM DEFAULT CHARSET=utf8;

--
-- 转存表中的数据 `test`
--

INSERT INTO `test` (`col1`, `col2`, `col3`) VALUES
(1, 'updateCol2', 'updateCol3'),
(2, 'a', 'a'),
(3, 'a', 'a'),
(4, 'a', 'a'),
(5, 'a', 'a'),
(6, 'a', 'a'),
(7, 'a', 'a'),
(8, 'a', 'a'),
(9, 'a', 'a'),
(10, 'a', 'a'),
(11, 'a', 'a'),
(13, 'time', '2017-05-08 10:24:52'),
(13, 'time', '2017-05-08 10:26:24'),
(13, 'time', '2017-05-08 10:26:51'),
(13, 'time', '2017-05-08 10:42:39'),
(13, 'time', '2017-05-08 10:43:59'),
(13, 'time', '2017-05-08 10:45:04');

--
-- Indexes for dumped tables
--

--
-- Indexes for table `admin`
--
ALTER TABLE `admin`
  ADD PRIMARY KEY (`Aid`);

--
-- Indexes for table `broadcasts`
--
ALTER TABLE `broadcasts`
  ADD PRIMARY KEY (`Bid`);

--
-- Indexes for table `courses`
--
ALTER TABLE `courses`
  ADD PRIMARY KEY (`Cid`),
  ADD KEY `courses_tid_foreign` (`Tid`);

--
-- Indexes for table `marks`
--
ALTER TABLE `marks`
  ADD PRIMARY KEY (`Mid`),
  ADD KEY `marks_sid_foreign` (`Sid`);

--
-- Indexes for table `migrations`
--
ALTER TABLE `migrations`
  ADD PRIMARY KEY (`id`);

--
-- Indexes for table `scourses`
--
ALTER TABLE `scourses`
  ADD PRIMARY KEY (`Sid`,`Cid`);

--
-- Indexes for table `students`
--
ALTER TABLE `students`
  ADD PRIMARY KEY (`Sid`);

--
-- Indexes for table `teachers`
--
ALTER TABLE `teachers`
  ADD PRIMARY KEY (`Tid`);

--
-- 在导出的表使用AUTO_INCREMENT
--

--
-- 使用表AUTO_INCREMENT `broadcasts`
--
ALTER TABLE `broadcasts`
  MODIFY `Bid` int(10) UNSIGNED NOT NULL AUTO_INCREMENT, AUTO_INCREMENT=34;
--
-- 使用表AUTO_INCREMENT `marks`
--
ALTER TABLE `marks`
  MODIFY `Mid` int(10) UNSIGNED NOT NULL AUTO_INCREMENT, AUTO_INCREMENT=204;
--
-- 使用表AUTO_INCREMENT `migrations`
--
ALTER TABLE `migrations`
  MODIFY `id` int(10) UNSIGNED NOT NULL AUTO_INCREMENT, AUTO_INCREMENT=8;
--
-- 限制导出的表
--

--
-- 限制表 `courses`
--
ALTER TABLE `courses`
  ADD CONSTRAINT `courses_tid_foreign` FOREIGN KEY (`Tid`) REFERENCES `teachers` (`Tid`);

--
-- 限制表 `marks`
--
ALTER TABLE `marks`
  ADD CONSTRAINT `marks_sid_foreign` FOREIGN KEY (`Sid`) REFERENCES `students` (`Sid`);

/*!40101 SET CHARACTER_SET_CLIENT=@OLD_CHARACTER_SET_CLIENT */;
/*!40101 SET CHARACTER_SET_RESULTS=@OLD_CHARACTER_SET_RESULTS */;
/*!40101 SET COLLATION_CONNECTION=@OLD_COLLATION_CONNECTION */;
